Maputo, Mozambique
Accra, Ghana
Kabul, Afghanistan
Arles, France
Kupang, Indonesia
Lahore, Pakistan
Lima, Peru
Tashkent, Uzbekistan
Tallinn, Estonia
New Orleans, U.S.
Yellowstone, Wyoming
Casablanca, Morocco
North York, Ontario
Kandi, Benin
Seoul, South Korea
Cairo, Egypt
Lower Hutt, New Zealand
Ankara, Turkey
Tbilisi, Georgia
Toad Suck, Arkansas
Tijuana, Mexico
Armavir, Armenia
Basel, Switzerland
Doha, Qatar
Moscow, Russia
Algiers, Algeria
Tampa Bay, Florida
Wichita, KS
Tierra del Fuego, Argentina/Chile
DeKalb, IL
Montréal, Canada
Cairns, Queensland, Australia
Divo, Côte d'Ivoire
Copenhagen, Denmark
Buffalo, NY
Sucre, Bolivia
Quito, Ecuador
South Pole, Antarctica
Malé, Maldives
Iturup, Japan/Russia
Gaborone, Botswana
Yellowknife, Canada
Thane, India
Nome, Alaska
Dimtu, Ethiopia
Nazaré, Portugal
Antananarivo, Madagascar
Georgetown, Ascension Island
Heard Island, Indian Ocean
Île de la Possession, Crozet Archipelago
Eyjafjallajökull, Iceland
Casper, Wyoming
Arzamas, Russia
Maiduguri, Nigeria
Baku, Azerbaijan
Fort Morgan, CO
Surat, India
Marquette, Michigan
Beatty, Nevada, U.S.
Mosul, Iraq
Visby, Sweden
Istanbul, Turkey
Genoa, Italy
Island of Death, Mayotte, France
Giresun, Turkey
L'Ascension, Quebec, Canada
Ōkato, New Zealand
Nova Russas, Ceará, Brazil
České Budějovice, Czechia
Christchurch, New Zealand
Castelo Branco, Portugal
Sokode, Togo
Curicó, Chile
Monkey Bay, Malawi
Antalya, Turkey
Ambanja, Madagascar
St-Pierre, Saint-Pierre & Miquelon
Krasnador, Russia
San Miguel de Tucumán, Argentina
Derby Wharf, Australia
Manaus, Amazonas, Brazil
Pune, Maharashtra, India
Natif Waterfalls, Hasik, Oman
Velingrad, Bulgaria
Marrakesh, Morocco
Orlando International Airport, FL, U.S.
Charlotte, North Carolina, U.S.
Edmonton, Alberta, Canada
Vladivostok, Russia
Cochabamba, Bolivia
Tacurong, Philippines